{
    "gender": -0.0004593181120869963,
    "lgbtq": -0.005631249565547602,
    "race/ethnicity": -0.014777300917979422,
    "mental health/mental disorders": -0.001676676892587445,
    "climate change": -0.00013570084665994456
}