{
    "gender": -0.11059494827447608,
    "lgbtq": -0.35985430859621653,
    "race/ethnicity": -0.28054038326418884,
    "mental health/mental disorders": -0.1549459662454553,
    "climate change": 0.0414332100531043
}